<?xml version="1.0" encoding="UTF-8"?>
<PE_PROJECT_SETTINGS_DOCUMENTATION>
  <PE_product_version v="version 10.3 for Freescale Microcontrollers" />
  <PE_core_version v="Processor Expert Version 0509" />
  <CPU_Bean name="Cpu" type="MKL25Z128LK4">
    <Enabled v="Y" />
    <Properties>
      <Component_name v="Cpu" />
      <CPU_type v="MKL25Z128VLK4" />
      <list name="Shared Internal properties" v="1">
        <EmptySection_DummyValue />
      </list>
      <list name="Shared Clock settings" v="1">
        <group name="Clock settings">
          <group name="Internal oscillator">
            <Slow_internal_reference_clock__kHz_ v="32.768000000000" />
            <boolgroup name="Initialize slow trim value" v="no" />
            <Fast_internal_reference_clock__MHz_ v="4" />
            <boolgroup name="Initialize fast trim value" v="no" />
          </group>
          <boolgroup name="RTC clock input" v="Disabled" />
          <boolgroup name="System oscillator 0" v="Enabled">
            <enumgroup name="Clock source" v="External crystal">
              <group name="Clock input pin">
                <Pin_name v="EXTAL0/PTA18/UART1_RX/TPM_CLKIN0" />
              </group>
              <group name="Clock output pin">
                <Pin_name v="XTAL0/PTA19/UART1_TX/TPM_CLKIN1/LPTMR0_ALT1" />
              </group>
              <Clock_frequency__MHz_ v="8" />
              <Capacitor_load v="0pF" />
              <Oscillator_operating_mode v="Low power" />
            </enumgroup>
          </boolgroup>
          <list name="Clock source settings" v="1">
            <group name="Clock source setting 0">
              <group name="Internal reference clock">
                <MCGIRCLK_clock v="Enabled" />
                <MCGIRCLK_in_stop v="Disabled" />
                <enumgroup name="MCGIRCLK source" v="Slow">
                  <EmptySection_DummyValue />
                </enumgroup>
                <MCGIRCLK_clock__MHz_ v="0.032768000000" />
              </group>
              <group name="External reference clock">
                <OSC0ERCLK_clock v="Enabled" />
                <OSC0ERCLK_in_stop v="Disabled" />
                <OSC0ERCLK_clock__MHz_ v="8" />
                <ERCLK32K_clock_source v="Auto select" />
                <ERCLK32K__clock__MHz_ v="0.001000000000" />
              </group>
              <group name="MCG settings">
                <enumgroup name="MCG mode" v="PEE">
                  <EmptySection_DummyValue />
                </enumgroup>
                <MCG_output_clock v="PLL clock" />
                <MCG_output__MHz_ v="96" />
                <MCG_external_ref__clock__MHz_ v="8" />
                <Clock_monitor v="Disabled" />
                <group name="FLL settings">
                  <FLL_module v="Disabled" />
                  <FLL_output__MHz_ v="0" />
                  <MCGFFCLK_clock__kHz_ v="31.250000000000" />
                  <enumgroup name="Reference clock source" v="External clock">
                    <Reference_clock_divider v="Auto select" />
                  </enumgroup>
                  <FLL_reference_clock__kHz_ v="31.250000000000" />
                  <Multiplication_factor v="Auto select" />
                </group>
                <group name="PLL 0 settings">
                  <PLL_module v="Enabled" />
                  <PLL_module_in_Stop v="Disabled" />
                  <PLL_output__MHz_ v="96" />
                  <Reference_clock_divider v="Auto select" />
                  <PLL_reference_clock__MHz_ v="4" />
                  <Multiplication_factor v="Auto select" />
                  <Loss_of_lock_interrupt v="Disabled" />
                </group>
              </group>
            </group>
          </list>
        </group>
      </list>
      <Initialization_priority v="interrupts enabled" />
      <Watchdog_disable v="yes" />
      <group name="Internal peripherals">
        <list name="Shared NMI settings" v="1">
          <boolgroup name="NMI pin" v="Enabled">
            <NMI_Pin v="TSI0_CH5/PTA4/I2C1_SDA/TPM0_CH1/NMI_b" />
          </boolgroup>
        </list>
        <list name="Shared Reset settings" v="1">
          <boolgroup name="Reset control" v="Enabled">
            <Reset_pin v="PTA20/RESET_b" />
            <Filter_in_STOP v="Disabled" />
            <Filter_in_RUN_WAIT v="Disabled" />
            <Filter_width v="1" />
          </boolgroup>
        </list>
        <list name="Shared Flash memory organization" v="1">
          <group name="Flash memory organization">
            <list name="Shared FLASH settings" v="1">
              <EmptySection_DummyValue />
            </list>
            <list name="Flash blocks" v="1">
              <group name="Flash block 0">
                <Address v="0" />
                <Size v="131072" />
                <Write_unit_size v="4" />
                <Erase_unit_size v="1024" />
                <Protection_unit_size v="4096" />
              </group>
            </list>
          </group>
        </list>
        <list name="Shared Flash Config settings" v="1">
          <boolgroup name="Flash configuration field" v="Enabled">
            <group name="Security settings">
              <boolgroup name="Flash security" v="Disabled" />
              <Freescale_failure_analysis_access v="Enabled" />
              <Mass_erase v="Enabled" />
              <Backdoor_key_security v="Disabled" />
              <Backdoor_key_0 v="255" />
              <Backdoor_key_1 v="255" />
              <Backdoor_key_2 v="255" />
              <Backdoor_key_3 v="255" />
              <Backdoor_key_4 v="255" />
              <Backdoor_key_5 v="255" />
              <Backdoor_key_6 v="255" />
              <Backdoor_key_7 v="255" />
            </group>
            <group name="Protection regions">
              <group name="P-Flash protection settings">
                <Protection_region_size v="4096" />
                <P_Flash_protection v="4294967295" />
                <group name="Protection regions">
                  <Protection_region_0 v="Unprotected" />
                  <Protection_region_1 v="Unprotected" />
                  <Protection_region_2 v="Unprotected" />
                  <Protection_region_3 v="Unprotected" />
                  <Protection_region_4 v="Unprotected" />
                  <Protection_region_5 v="Unprotected" />
                  <Protection_region_6 v="Unprotected" />
                  <Protection_region_7 v="Unprotected" />
                  <Protection_region_8 v="Unprotected" />
                  <Protection_region_9 v="Unprotected" />
                  <Protection_region_10 v="Unprotected" />
                  <Protection_region_11 v="Unprotected" />
                  <Protection_region_12 v="Unprotected" />
                  <Protection_region_13 v="Unprotected" />
                  <Protection_region_14 v="Unprotected" />
                  <Protection_region_15 v="Unprotected" />
                  <Protection_region_16 v="Unprotected" />
                  <Protection_region_17 v="Unprotected" />
                  <Protection_region_18 v="Unprotected" />
                  <Protection_region_19 v="Unprotected" />
                  <Protection_region_20 v="Unprotected" />
                  <Protection_region_21 v="Unprotected" />
                  <Protection_region_22 v="Unprotected" />
                  <Protection_region_23 v="Unprotected" />
                  <Protection_region_24 v="Unprotected" />
                  <Protection_region_25 v="Unprotected" />
                  <Protection_region_26 v="Unprotected" />
                  <Protection_region_27 v="Unprotected" />
                  <Protection_region_28 v="Unprotected" />
                  <Protection_region_29 v="Unprotected" />
                  <Protection_region_30 v="Unprotected" />
                  <Protection_region_31 v="Unprotected" />
                </group>
              </group>
            </group>
            <group name="Peripheral settings">
              <Reset_pin_function v="Enabled" />
              <NMI_function v="Enabled" />
              <FLASH_initialization_speed v="Fast" />
              <Clock_dividers_settings v="Fast clock boot" />
            </group>
          </boolgroup>
        </list>
        <list name="Shared Peripheral Bridge MCM settings" v="1">
          <boolgroup name="MCM settings" v="Disabled" />
        </list>
        <list name="Shared Power Management Controller settings" v="1">
          <group name="Power management controller">
            <LVD_reset v="Enabled" />
            <LVD_voltage_treshold v="Low" />
            <LVW_voltage_treshold v="Low" />
            <Bandgap_buffer v="Disabled" />
            <Bandgap_buffer_in_VLPx v="Disabled" />
            <group name="LVD interrupt">
              <Interrupt v="INT_LVD_LVW" />
              <Interrupt_request v="Disabled" />
              <Interrupt_priority v="0 (Highest)" />
              <LVD_interrupt v="Disabled" />
              <LVW_interrupt v="Disabled" />
            </group>
          </group>
        </list>
        <list name="Shared ClockGate settings" v="1">
          <group name="System Integration Module">
            <boolgroup name="CLKOUT pin control" v="Disabled" />
            <boolgroup name="Clock gating control" v="Disabled" />
          </group>
        </list>
      </group>
      <list name="Shared CPU interrupts/resets" v="1">
        <group name="CPU interrupts/resets">
          <boolgroup name="NMI interrupt" v="Disabled" />
          <boolgroup name="Hard Fault" v="Disabled" />
          <boolgroup name="Bus Fault" v="Disabled" />
          <boolgroup name="Usage Fault" v="Disabled" />
          <boolgroup name="Supervisor Call" v="Disabled" />
          <boolgroup name="Pendable Service" v="Disabled" />
          <boolgroup name="MCG" v="Disabled" />
        </group>
      </list>
      <group name="Low power mode settings">
        <list name="Shared Low Power Settings" v="1">
          <group name="Allowed power modes">
            <Very_low_power_modes v="Not allowed" />
            <Low_leakage_stop_mode v="Not allowed" />
            <Very_low_leakage_stop_mode v="Not allowed" />
          </group>
        </list>
        <list name="Shared LLWU settings" v="1">
          <boolgroup name="LLWU settings" v="Disabled" />
        </list>
        <list name="Shared Low Power Settings" v="1">
          <group name="Operation mode settings">
            <group name="WAIT operation mode">
              <Return_to_wait_after_ISR v="no" />
            </group>
            <group name="SLEEP operation mode">
              <Low_Power_mode v="STOP" />
              <Return_to_stop_after_ISR v="no" />
            </group>
            <boolgroup name="STOP operation mode" v="Disabled" />
          </group>
        </list>
      </group>
      <list name="Clock configurations" v="1">
        <group name="Clock configuration 0">
          <boolgroup name="Very low power mode" v="Disabled" />
          <enumgroup name="Clock source setting" v="configuration 0">
            <MCG_mode v="PEE" />
            <MCG_output__MHz_ v="96" />
            <MCGIRCLK_clock__MHz_ v="0.032768" />
            <OSCERCLK_clock__MHz_ v="8" />
            <ERCLK32K__clock__MHz_ v="0.001" />
            <MCGFFCLK__kHz_ v="31.25" />
          </enumgroup>
          <group name="System clocks">
            <Core_clock_prescaler v="Auto select" />
            <Core_clock v="48" />
            <Bus_clock_prescaler v="Auto select" />
            <Bus_clock v="24" />
            <enumgroup name="PLL/FLL clock selection" v="Auto select">
              <Clock_frequency__MHz_ v="48" />
            </enumgroup>
            <enumgroup name="TPM clock selection" v="Auto select">
              <Clock_frequency__MHz_ v="48" />
            </enumgroup>
          </group>
        </group>
      </list>
    </Properties>
    <Methods>
      <list name="CPUCond" v="1">
        <SetClockConfiguration v="don&amp;apos;t generate code" />
        <GetClockConfiguration v="don&amp;apos;t generate code" />
        <SetOperationMode v="don&amp;apos;t generate code" />
        <EnableInt v="don&amp;apos;t generate code" />
        <DisableInt v="don&amp;apos;t generate code" />
        <GetLLSWakeUpFlags v="don&amp;apos;t generate code" />
        <OpenBackDoor v="don&amp;apos;t generate code" />
        <MCGAutoTrim v="don&amp;apos;t generate code" />
        <VLPModeEnable v="don&amp;apos;t generate code" />
        <VLPModeDisable v="don&amp;apos;t generate code" />
        <SystemReset v="don&amp;apos;t generate code" />
      </list>
    </Methods>
    <Events>
      <Event_module_name v="Events" />
      <list name="EvntsShrdGrp" v="1">
        <event name="OnReset" v="don&amp;apos;t generate code" />
        <event name="OnNMIINT" v="don&amp;apos;t generate code" />
        <event name="OnHardFault" v="don&amp;apos;t generate code" />
        <event name="OnBusFault" v="don&amp;apos;t generate code" />
        <event name="OnUsageFault" v="don&amp;apos;t generate code" />
        <event name="OnSupervisorCall" v="don&amp;apos;t generate code" />
        <event name="OnPendableService" v="don&amp;apos;t generate code" />
        <event name="OnLossOfLockINT" v="don&amp;apos;t generate code" />
        <event name="OnLowVoltageINT" v="don&amp;apos;t generate code" />
        <event name="OnLLSWakeUpINT" v="don&amp;apos;t generate code" />
      </list>
    </Events>
    <Compiler v="GNU C Compiler" />
    <CompilerProperties>
      <Compiler v="GNU C Compiler" />
      <enumgroup name="Unhandled vectors" v="One handler for all">
        <Unhandled_int_code>
          <StrgList><![CDATA[/* This code can be changed using the CPU component property "Build Options / Unhandled int code" */
PE_DEBUGHALT();
]]></StrgList>
        </Unhandled_int_code>
      </enumgroup>
      <group name="User initialization">
        <User_data_declarations>
          <StrgList></StrgList>
        </User_data_declarations>
        <User_code_before_PE_initialization>
          <StrgList></StrgList>
        </User_code_before_PE_initialization>
        <User_code_after_PE_initialization>
          <StrgList></StrgList>
        </User_code_after_PE_initialization>
      </group>
      <boolgroup name="Generate debugger files" v="yes">
        <Generate_mem_file v="yes" />
      </boolgroup>
      <group name="Startup">
        <Add_startup_file v="no" />
      </group>
      <boolgroup name="Generate linker file" v="yes">
        <Stack_size v="1024" />
        <Heap_size v="0" />
        <Set_memory_segments_to_default v="Click to set default &amp;gt;" />
        <Default_memory_for_interrupts v="INTERNAL FLASH" />
        <Default_memory_for_code v="INTERNAL FLASH" />
        <Default_memory_for_data v="INTERNAL RAM" />
        <list name="ROM/RAM Areas" v="4">
          <group name="MemoryArea0">
            <boolgroup name="ROM/RAM Area" v="Enabled">
              <Name v="m_interrupts" />
              <Qualifier v="RX" />
              <Address v="0" />
              <Size v="192" />
            </boolgroup>
          </group>
          <group name="MemoryArea1">
            <boolgroup name="ROM/RAM Area" v="Disabled" />
          </group>
          <group name="MemoryArea2">
            <boolgroup name="ROM/RAM Area" v="Enabled">
              <Name v="m_text" />
              <Qualifier v="RX" />
              <Address v="1040" />
              <Size v="130032" />
            </boolgroup>
          </group>
          <group name="MemoryArea3">
            <boolgroup name="ROM/RAM Area" v="Enabled">
              <Name v="m_data" />
              <Qualifier v="RW" />
              <Address v="536866816" />
              <Size v="16384" />
            </boolgroup>
          </group>
        </list>
      </boolgroup>
    </CompilerProperties>
  </CPU_Bean>
  <Bean name="WAIT1" type="Wait">
    <Enabled v="Y" />
    <Properties>
      <Component_name v="WAIT1" />
      <boolgroup name="Manual Clock Values" v="Disabled" />
      <Delay100usFunction v="Delay100US" />
      <boolgroup name="RTOS" v="Disabled" />
      <boolgroup name="Watchdog" v="Disabled" />
    </Properties>
    <Methods>
      <Wait10Cycles v="generate code" />
      <Wait100Cycles v="generate code" />
      <WaitCycles v="generate code" />
      <WaitLongCycles v="generate code" />
      <Waitms v="generate code" />
      <Waitus v="generate code" />
      <Waitns v="generate code" />
      <WaitOSms v="generate code" />
    </Methods>
    <Events>
      <EmptySection_DummyValue />
    </Events>
  </Bean>
  <Bean name="LED1" type="LED">
    <Enabled v="Y" />
    <Properties>
      <Component_name v="LED1" />
      <Turned_On_with_initialization v="no" />
      <group name="HW Interface">
        <Anode_on_port_side__HIGH_is_ON v="no" />
        <boolgroup name="On/Off" v="Enabled">
          <inhrbean type="BitIO">
            <Enabled v="Y" />
            <Template v="LEDpin" />
            <Properties>
              <Component_name v="LEDpin1" />
              <Pin_for_I_O v="PTE0/UART1_TX/RTC_CLKOUT/CMP0_OUT/I2C1_SDA" />
              <inhrbean type="BitIO_LDD">
                <Enabled v="Y" />
                <Template v="BitIO_LDD" />
                <Properties>
                  <Component_name v="BitIoLdd1" />
                  <Pin_for_I_O v="PTE0/UART1_TX/RTC_CLKOUT/CMP0_OUT/I2C1_SDA" />
                  <Direction v="Output" />
                  <group name="Initialization">
                    <Init__direction v="Output" />
                    <Init__value v="0" />
                    <Auto_initialization v="yes" />
                  </group>
                  <Safe_mode v="yes" />
                </Properties>
                <Methods>
                  <Init v="generate code" />
                  <Deinit v="don&amp;apos;t generate code" />
                  <GetDir v="don&amp;apos;t generate code" />
                  <SetDir v="don&amp;apos;t generate code" />
                  <SetInput v="don&amp;apos;t generate code" />
                  <SetOutput v="don&amp;apos;t generate code" />
                  <GetVal v="generate code" />
                  <PutVal v="don&amp;apos;t generate code" />
                  <ClrVal v="generate code" />
                  <SetVal v="generate code" />
                  <NegVal v="generate code" />
                  <ConnectPin v="don&amp;apos;t generate code" />
                  <GetRawVal v="don&amp;apos;t generate code" />
                </Methods>
                <Events>
                  <EmptySection_DummyValue />
                </Events>
              </inhrbean>
              <Direction v="Output" />
              <group name="Initialization">
                <Init__direction v="Output" />
                <Init__value v="0" />
              </group>
              <Safe_mode v="yes" />
              <Optimization_for v="speed" />
            </Properties>
            <Methods>
              <GetDir v="don&amp;apos;t generate code" />
              <SetDir v="don&amp;apos;t generate code" />
              <SetInput v="don&amp;apos;t generate code" />
              <SetOutput v="don&amp;apos;t generate code" />
              <GetVal v="generate code" />
              <PutVal v="don&amp;apos;t generate code" />
              <ClrVal v="generate code" />
              <SetVal v="generate code" />
              <NegVal v="generate code" />
              <ConnectPin v="don&amp;apos;t generate code" />
              <GetRawVal v="don&amp;apos;t generate code" />
            </Methods>
            <Events>
              <EmptySection_DummyValue />
            </Events>
          </inhrbean>
        </boolgroup>
        <boolgroup name="PWM" v="Disabled" />
      </group>
      <boolgroup name="Shell" v="Disabled" />
    </Properties>
    <Methods>
      <Init v="generate code" />
      <Deinit v="generate code" />
      <On v="generate code" />
      <Off v="generate code" />
      <Neg v="generate code" />
      <Get v="generate code" />
      <Put v="generate code" />
      <SetRatio16 v="generate code" />
      <ParseCommand v="don&amp;apos;t generate code" />
    </Methods>
    <Events>
      <EmptySection_DummyValue />
    </Events>
  </Bean>
  <Bean name="LED2" type="LED">
    <Enabled v="Y" />
    <Properties>
      <Component_name v="LED2" />
      <Turned_On_with_initialization v="no" />
      <group name="HW Interface">
        <Anode_on_port_side__HIGH_is_ON v="no" />
        <boolgroup name="On/Off" v="Enabled">
          <inhrbean type="BitIO">
            <Enabled v="Y" />
            <Template v="LEDpin" />
            <Properties>
              <Component_name v="LEDpin2" />
              <Pin_for_I_O v="TSI0_CH12/PTB19/TPM2_CH1" />
              <inhrbean type="BitIO_LDD">
                <Enabled v="Y" />
                <Template v="BitIO_LDD" />
                <Properties>
                  <Component_name v="BitIoLdd2" />
                  <Pin_for_I_O v="TSI0_CH12/PTB19/TPM2_CH1" />
                  <Direction v="Output" />
                  <group name="Initialization">
                    <Init__direction v="Output" />
                    <Init__value v="0" />
                    <Auto_initialization v="yes" />
                  </group>
                  <Safe_mode v="yes" />
                </Properties>
                <Methods>
                  <Init v="generate code" />
                  <Deinit v="don&amp;apos;t generate code" />
                  <GetDir v="don&amp;apos;t generate code" />
                  <SetDir v="don&amp;apos;t generate code" />
                  <SetInput v="don&amp;apos;t generate code" />
                  <SetOutput v="don&amp;apos;t generate code" />
                  <GetVal v="generate code" />
                  <PutVal v="don&amp;apos;t generate code" />
                  <ClrVal v="generate code" />
                  <SetVal v="generate code" />
                  <NegVal v="generate code" />
                  <ConnectPin v="don&amp;apos;t generate code" />
                  <GetRawVal v="don&amp;apos;t generate code" />
                </Methods>
                <Events>
                  <EmptySection_DummyValue />
                </Events>
              </inhrbean>
              <Direction v="Output" />
              <group name="Initialization">
                <Init__direction v="Output" />
                <Init__value v="0" />
              </group>
              <Safe_mode v="yes" />
              <Optimization_for v="speed" />
            </Properties>
            <Methods>
              <GetDir v="don&amp;apos;t generate code" />
              <SetDir v="don&amp;apos;t generate code" />
              <SetInput v="don&amp;apos;t generate code" />
              <SetOutput v="don&amp;apos;t generate code" />
              <GetVal v="generate code" />
              <PutVal v="don&amp;apos;t generate code" />
              <ClrVal v="generate code" />
              <SetVal v="generate code" />
              <NegVal v="generate code" />
              <ConnectPin v="don&amp;apos;t generate code" />
              <GetRawVal v="don&amp;apos;t generate code" />
            </Methods>
            <Events>
              <EmptySection_DummyValue />
            </Events>
          </inhrbean>
        </boolgroup>
        <boolgroup name="PWM" v="Disabled" />
      </group>
      <boolgroup name="Shell" v="Disabled" />
    </Properties>
    <Methods>
      <Init v="generate code" />
      <Deinit v="generate code" />
      <On v="generate code" />
      <Off v="generate code" />
      <Neg v="generate code" />
      <Get v="generate code" />
      <Put v="generate code" />
      <SetRatio16 v="generate code" />
      <ParseCommand v="don&amp;apos;t generate code" />
    </Methods>
    <Events>
      <EmptySection_DummyValue />
    </Events>
  </Bean>
  <Bean name="LED3" type="LED">
    <Enabled v="Y" />
    <Properties>
      <Component_name v="LED3" />
      <Turned_On_with_initialization v="no" />
      <group name="HW Interface">
        <Anode_on_port_side__HIGH_is_ON v="no" />
        <boolgroup name="On/Off" v="Enabled">
          <inhrbean type="BitIO">
            <Enabled v="Y" />
            <Template v="LEDpin" />
            <Properties>
              <Component_name v="LEDpin3" />
              <Pin_for_I_O v="ADC0_SE5b/PTD1/SPI0_SCK/TPM0_CH1" />
              <inhrbean type="BitIO_LDD">
                <Enabled v="Y" />
                <Template v="BitIO_LDD" />
                <Properties>
                  <Component_name v="BitIoLdd3" />
                  <Pin_for_I_O v="ADC0_SE5b/PTD1/SPI0_SCK/TPM0_CH1" />
                  <Direction v="Output" />
                  <group name="Initialization">
                    <Init__direction v="Output" />
                    <Init__value v="0" />
                    <Auto_initialization v="yes" />
                  </group>
                  <Safe_mode v="yes" />
                </Properties>
                <Methods>
                  <Init v="generate code" />
                  <Deinit v="don&amp;apos;t generate code" />
                  <GetDir v="don&amp;apos;t generate code" />
                  <SetDir v="don&amp;apos;t generate code" />
                  <SetInput v="don&amp;apos;t generate code" />
                  <SetOutput v="don&amp;apos;t generate code" />
                  <GetVal v="generate code" />
                  <PutVal v="don&amp;apos;t generate code" />
                  <ClrVal v="generate code" />
                  <SetVal v="generate code" />
                  <NegVal v="generate code" />
                  <ConnectPin v="don&amp;apos;t generate code" />
                  <GetRawVal v="don&amp;apos;t generate code" />
                </Methods>
                <Events>
                  <EmptySection_DummyValue />
                </Events>
              </inhrbean>
              <Direction v="Output" />
              <group name="Initialization">
                <Init__direction v="Output" />
                <Init__value v="0" />
              </group>
              <Safe_mode v="yes" />
              <Optimization_for v="speed" />
            </Properties>
            <Methods>
              <GetDir v="don&amp;apos;t generate code" />
              <SetDir v="don&amp;apos;t generate code" />
              <SetInput v="don&amp;apos;t generate code" />
              <SetOutput v="don&amp;apos;t generate code" />
              <GetVal v="generate code" />
              <PutVal v="don&amp;apos;t generate code" />
              <ClrVal v="generate code" />
              <SetVal v="generate code" />
              <NegVal v="generate code" />
              <ConnectPin v="don&amp;apos;t generate code" />
              <GetRawVal v="don&amp;apos;t generate code" />
            </Methods>
            <Events>
              <EmptySection_DummyValue />
            </Events>
          </inhrbean>
        </boolgroup>
        <boolgroup name="PWM" v="Disabled" />
      </group>
      <boolgroup name="Shell" v="Disabled" />
    </Properties>
    <Methods>
      <Init v="generate code" />
      <Deinit v="generate code" />
      <On v="generate code" />
      <Off v="generate code" />
      <Neg v="generate code" />
      <Get v="generate code" />
      <Put v="generate code" />
      <SetRatio16 v="generate code" />
      <ParseCommand v="don&amp;apos;t generate code" />
    </Methods>
    <Events>
      <EmptySection_DummyValue />
    </Events>
  </Bean>
  <Bean name="FRTOS1" type="FreeRTOS">
    <Enabled v="Y" />
    <Properties>
      <Component_name v="FRTOS1" />
      <RTOS_Version v="V8.2.3" />
      <boolgroup name="Kinetis SDK" v="Disabled" />
      <group name="Custom Port">
        <Compiler v="automatic" />
        <boolgroup name="Static Sources" v="Disabled" />
        <boolgroup name="Custom portBASE_TYPE" v="Disabled" />
      </group>
      <Classic_CodeWarrior v="no" />
      <Disabled_Interrupts_in_Startup v="yes" />
      <configASSERT_defined v="yes" />
      <Enable_GDB_Debug_Helper v="no" />
      <Application_Task_Tags v="no" />
      <Thread_Local_Storage_Pointers v="0" />
      <Use_Trace_Facility v="no" />
      <boolgroup name="Segger System Viewer Trace" v="Disabled" />
      <boolgroup name="Percepio Trace" v="Disabled" />
      <boolgroup name="Collect Runtime Statistics" v="Disabled" />
      <group name="Scheduler">
        <boolgroup name="ColdFire V1" v="Disabled" />
        <boolgroup name="ColdFire V2" v="Disabled" />
        <boolgroup name="Kinetis" v="Enabled">
          <ARM_Family v="Cortex-M0+" />
          <Max_SysCall_Interrupt_Priority v="1" />
          <RTOS_Interrupt_Priority v="3" />
          <Lowest_Interrupt_Priority v="3" />
          <Compiler_Optimization_Level v="0" />
          <boolgroup name="SysTick" v="Enabled">
            <Core_Clock v="yes" />
          </boolgroup>
          <boolgroup name="Low Power Timer" v="Disabled" />
        </boolgroup>
        <boolgroup name="non-LDD SWI" v="Disabled" />
        <Preemptive v="yes" />
        <Time_Slicing v="yes" />
        <Use_Co_Routines v="no" />
        <Idle_should_yield v="yes" />
        <Task_Name_Length v="12" />
        <Minimal_Stack_Size v="200" />
        <Maximum_Priorities v="6" />
        <Maximum_Coroutine_Priorities v="2" />
        <Stackoverflow_checking_method v="Method 1" />
        <Cleanup_Resources v="yes" />
        <TaskExitError_Handler v="no" />
      </group>
      <group name="Ticks">
        <boolgroup name="Tickless Idle Mode" v="Disabled" />
        <Tick_Rate__Hz_ v="100" />
        <Use_16bit_ticks v="no" />
        <boolgroup name="non-LDD Tick" v="Disabled" />
        <boolgroup name="LDD Tick" v="Disabled" />
      </group>
      <group name="Queues">
        <Queue_Registry_Size v="0" />
        <Queue_Sets v="no" />
      </group>
      <group name="Semaphores and Mutexes">
        <Use_Mutexes v="yes" />
        <Use_Recursive_Mutexes v="yes" />
      </group>
      <boolgroup name="Timers" v="Disabled" />
      <group name="Memory">
        <Application_allocated_Heap v="no" />
        <Memory_Allocation_Scheme v="Scheme 4: merge free blocks" />
        <boolgroup name="User Heap Section" v="Disabled" />
        <Total_Heap_Size v="8192" />
      </group>
      <boolgroup name="Shell" v="Disabled" />
      <Utility v="UTIL1" />
    </Properties>
    <Methods>
      <xTaskCreate v="generate code" />
      <vTaskDelete v="don&amp;apos;t generate code" />
      <vTaskStartScheduler v="generate code" />
      <vTaskEndScheduler v="don&amp;apos;t generate code" />
      <vTaskSuspend v="generate code" />
      <vTaskSuspendAll v="generate code" />
      <vTaskResume v="generate code" />
      <xTaskResumeAll v="generate code" />
      <xTaskResumeFromISR v="generate code" />
      <vTaskStepTick v="don&amp;apos;t generate code" />
      <taskYIELD v="generate code" />
      <taskENTER_CRITICAL v="generate code" />
      <taskEXIT_CRITICAL v="generate code" />
      <taskDISABLE_INTERRUPTS v="generate code" />
      <taskENABLE_INTERRUPTS v="generate code" />
      <vTaskDelay v="generate code" />
      <vTaskDelayUntil v="generate code" />
      <uxTaskPriorityGet v="generate code" />
      <vTaskPrioritySet v="generate code" />
      <xTaskGetTickCount v="generate code" />
      <xTaskGetTickCountFromISR v="generate code" />
      <xSemaphoreCreateRecursiveMutex v="generate code" />
      <xSemaphoreTakeRecursive v="generate code" />
      <xSemaphoreGiveRecursive v="generate code" />
      <xSemaphoreCreateMutex v="generate code" />
      <xSemaphoreTake v="generate code" />
      <xSemaphoreGive v="generate code" />
      <xSemaphoreCreateBinary v="generate code" />
      <xSemaphoreCreateCounting v="generate code" />
      <xSemaphoreGiveFromISR v="generate code" />
      <xSemaphoreTakeFromISR v="generate code" />
      <vSemaphoreDelete v="generate code" />
      <xSemaphoreGetMutexHolder v="generate code" />
      <pvPortMalloc v="generate code" />
      <vPortFree v="generate code" />
      <xPortGetFreeHeapSize v="generate code" />
      <vTaskSetApplicationTaskTag v="don&amp;apos;t generate code" />
      <xTaskGetApplicationTaskTag v="don&amp;apos;t generate code" />
      <xTaskCallApplicationTaskHook v="don&amp;apos;t generate code" />
      <xTaskGetCurrentTaskHandle v="generate code" />
      <xTaskGetIdleTaskHandle v="generate code" />
      <pcTaskGetTaskName v="generate code" />
      <eTaskGetState v="don&amp;apos;t generate code" />
      <xTaskGetSchedulerState v="generate code" />
      <vTaskList v="don&amp;apos;t generate code" />
      <uxTaskGetStackHighWaterMark v="generate code" />
      <uxTaskGetNumberOfTasks v="generate code" />
      <vTaskGetRunTimeStats v="don&amp;apos;t generate code" />
      <uxQueueMessagesWaiting v="generate code" />
      <uxQueueMessagesWaitingfromISR v="generate code" />
      <xQueueCreate v="generate code" />
      <vQueueDelete v="generate code" />
      <xQueueReset v="generate code" />
      <xQueueSendToBack v="generate code" />
      <xQueueSendToFront v="generate code" />
      <xQueueReceive v="generate code" />
      <xQueueOverwrite v="generate code" />
      <xQueueOverwriteFromISR v="generate code" />
      <xQueuePeek v="generate code" />
      <xQueuePeekFromISR v="generate code" />
      <xQueueSendToBackFromISR v="generate code" />
      <xQueueSendToFrontFromISR v="generate code" />
      <xQueueReceiveFromISR v="generate code" />
      <vQueueAddToRegistry v="generate code" />
      <vQueueUnregisterQueue v="generate code" />
      <xQueueIsQueueFullFromISR v="generate code" />
      <xQueueIsQueueEmptyFromISR v="generate code" />
      <xQueueCreateSet v="don&amp;apos;t generate code" />
      <xQueueAddToSet v="don&amp;apos;t generate code" />
      <xQueueRemoveFromSet v="don&amp;apos;t generate code" />
      <xQueueSelectFromSet v="don&amp;apos;t generate code" />
      <xQueueSelectFromSetFromISR v="don&amp;apos;t generate code" />
      <xEventGroupCreate v="generate code" />
      <xEventGroupWaitBits v="generate code" />
      <xEventGroupSetBits v="generate code" />
      <xEventGroupSetBitsFromISR v="generate code" />
      <xEventGroupClearBits v="generate code" />
      <xEventGroupClearBitsFromISR v="generate code" />
      <xEventGroupGetBits v="generate code" />
      <xEventGroupGetBitsFromISR v="generate code" />
      <xEventGroupSync v="generate code" />
      <xTimerCreate v="generate code" />
      <xTimerIsTimerActive v="generate code" />
      <xTimerStart v="generate code" />
      <xTimerStop v="generate code" />
      <xTimerChangePeriod v="generate code" />
      <xTimerDelete v="generate code" />
      <xTimerReset v="generate code" />
      <xTimerStartFromISR v="generate code" />
      <xTimerStopFromISR v="generate code" />
      <xTimerChangePeriodFromISR v="generate code" />
      <xTimerResetFromISR v="generate code" />
      <pvTimerGetTimerID v="generate code" />
      <xTimerGetTimerDaemonTaskHandle v="generate code" />
      <pcTimerGetTimerName v="generate code" />
      <xTimerPendFunctionCall v="generate code" />
      <xTimerPendFunctionCallFromISR v="generate code" />
      <xTaskNotifyGive v="generate code" />
      <vTaskNotifyGiveFromISR v="generate code" />
      <ulTaskNotifyTake v="generate code" />
      <xTaskNotify v="generate code" />
      <xTaskNotifyFromISR v="generate code" />
      <xTaskNotifyAndQuery v="generate code" />
      <xTaskNotifyAndQueryFromISR v="generate code" />
      <xTaskNotifyWait v="generate code" />
      <xTaskNotifyStateClear v="generate code" />
      <vTaskSetThreadLocalStoragePointer v="generate code" />
      <pvTaskGetThreadLocalStoragePointer v="generate code" />
      <ParseCommand v="don&amp;apos;t generate code" />
      <Init v="generate code" />
    </Methods>
    <Events>
      <Event_module_name v="Events" />
      <event name="vApplicationStackOverflowHook" v="generate code">
        <Event_procedure_name v="FRTOS1_vApplicationStackOverflowHook" />
      </event>
      <event name="vApplicationTickHook" v="generate code">
        <Event_procedure_name v="FRTOS1_vApplicationTickHook" />
      </event>
      <event name="vApplicationIdleHook" v="generate code">
        <Event_procedure_name v="FRTOS1_vApplicationIdleHook" />
      </event>
      <event name="vApplicationMallocFailedHook" v="generate code">
        <Event_procedure_name v="FRTOS1_vApplicationMallocFailedHook" />
      </event>
      <event name="vOnPreSleepProcessing" v="don&amp;apos;t generate code" />
      <event name="vOnPostSleepProcessing" v="don&amp;apos;t generate code" />
    </Events>
  </Bean>
  <Bean name="UTIL1" type="Utility">
    <Enabled v="Y" />
    <Properties>
      <Component_name v="UTIL1" />
    </Properties>
    <Methods>
      <strcpy v="generate code" />
      <strcat v="generate code" />
      <strcatPad v="generate code" />
      <chcat v="generate code" />
      <Num8sToStr v="generate code" />
      <Num8uToStr v="generate code" />
      <Num16sToStr v="generate code" />
      <Num16uToStr v="generate code" />
      <Num32uToStr v="generate code" />
      <Num32sToStr v="generate code" />
      <Num16sToStrFormatted v="generate code" />
      <Num16uToStrFormatted v="generate code" />
      <Num32uToStrFormatted v="generate code" />
      <Num32sToStrFormatted v="generate code" />
      <strcatNum8u v="generate code" />
      <strcatNum8s v="generate code" />
      <strcatNum16u v="generate code" />
      <strcatNum16s v="generate code" />
      <strcatNum32u v="generate code" />
      <strcatNum32s v="generate code" />
      <strcatNum16uFormatted v="generate code" />
      <strcatNum16sFormatted v="generate code" />
      <strcatNum32uFormatted v="generate code" />
      <strcatNum32sFormatted v="generate code" />
      <strcatNum8Hex v="generate code" />
      <strcatNum16Hex v="generate code" />
      <strcatNum24Hex v="generate code" />
      <strcatNum32Hex v="generate code" />
      <strcatNum32sDotValue100 v="generate code" />
      <IsLeapYear v="generate code" />
      <WeekDay v="generate code" />
      <ReadEscapedName v="generate code" />
      <xatoi v="generate code" />
      <ScanDate v="generate code" />
      <ScanTime v="generate code" />
      <ScanDecimal8uNumber v="generate code" />
      <ScanDecimal8sNumber v="generate code" />
      <ScanDecimal16uNumber v="generate code" />
      <ScanDecimal16sNumber v="generate code" />
      <ScanDecimal32uNumber v="generate code" />
      <ScanDecimal32sNumber v="generate code" />
      <ScanDecimal32sDotNumber v="generate code" />
      <ScanHex8uNumber v="generate code" />
      <ScanHex8uNumberNoPrefix v="generate code" />
      <ScanHex16uNumber v="generate code" />
      <ScanHex32uNumber v="generate code" />
      <ScanSeparatedNumbers v="generate code" />
      <ScanDoubleQuotedString v="generate code" />
      <strcmp v="generate code" />
      <strncmp v="generate code" />
      <strFind v="generate code" />
      <strtailcmp v="generate code" />
      <strlen v="generate code" />
      <strCutTail v="generate code" />
    </Methods>
    <Events>
      <EmptySection_DummyValue />
    </Events>
  </Bean>
  <Bean name="RNET1" type="RNet">
    <Enabled v="Y" />
    <Properties>
      <Component_name v="RNET1" />
      <group name="Transceiver">
        <Transceiver_Type v="nRF24L01+" />
        <boolgroup name="nRF24L01+" v="Enabled">
          <nRF24L01_ v="RF1" />
          <Radio_Channel v="0" />
          <Data_Rate v="250 kBit" />
          <Payload_Size v="32" />
          <Address v="0x11, 0x22, 0x33, 0x44, 0x55" />
        </boolgroup>
        <boolgroup name="SMAC" v="Disabled" />
      </group>
      <group name="Network">
        <Short_Address_Size v="8 Bits" />
        <Use_ACK v="yes" />
      </group>
      <group name="Queues">
        <Rx_Message_Queue_Size v="6" />
        <Tx_Message_Queue_Size v="6" />
        <Message_Queue_Blocking_Time__ms_ v="200" />
      </group>
      <Send_Retry_Count v="0" />
      <group name="System">
        <Utility v="UTIL1" />
        <RTOS v="FRTOS1" />
        <boolgroup name="Shell" v="Disabled" />
      </group>
    </Properties>
    <Methods>
      <SetChannel v="generate code" />
      <Process v="generate code" />
      <PowerUp v="generate code" />
      <ParseCommand v="don&amp;apos;t generate code" />
      <Init v="generate code" />
      <Deinit v="generate code" />
    </Methods>
    <Events>
      <Event_module_name v="Events" />
      <event name="OnRadioEvent" v="don&amp;apos;t generate code" />
    </Events>
  </Bean>
  <Bean name="RF1" type="nRF24L01">
    <Enabled v="Y" />
    <Properties>
      <Component_name v="RF1" />
      <Wait v="WAIT1" />
      <inhrbean type="BitIO">
        <Enabled v="Y" />
        <Template v="CE" />
        <Properties>
          <Component_name v="CE1" />
          <Pin_for_I_O v="PTB9" />
          <inhrbean type="BitIO_LDD">
            <Enabled v="Y" />
            <Template v="BitIO_LDD" />
            <Properties>
              <Component_name v="BitIoLdd4" />
              <Pin_for_I_O v="PTB9" />
              <Direction v="Output" />
              <group name="Initialization">
                <Init__direction v="Output" />
                <Init__value v="0" />
                <Auto_initialization v="yes" />
              </group>
              <Safe_mode v="yes" />
            </Properties>
            <Methods>
              <Init v="generate code" />
              <Deinit v="don&amp;apos;t generate code" />
              <GetDir v="don&amp;apos;t generate code" />
              <SetDir v="don&amp;apos;t generate code" />
              <SetInput v="don&amp;apos;t generate code" />
              <SetOutput v="don&amp;apos;t generate code" />
              <GetVal v="generate code" />
              <PutVal v="generate code" />
              <ClrVal v="generate code" />
              <SetVal v="generate code" />
              <NegVal v="don&amp;apos;t generate code" />
              <ConnectPin v="don&amp;apos;t generate code" />
              <GetRawVal v="don&amp;apos;t generate code" />
            </Methods>
            <Events>
              <EmptySection_DummyValue />
            </Events>
          </inhrbean>
          <Direction v="Output" />
          <group name="Initialization">
            <Init__direction v="Output" />
            <Init__value v="0" />
          </group>
          <Safe_mode v="yes" />
          <Optimization_for v="speed" />
        </Properties>
        <Methods>
          <GetDir v="don&amp;apos;t generate code" />
          <SetDir v="don&amp;apos;t generate code" />
          <SetInput v="don&amp;apos;t generate code" />
          <SetOutput v="don&amp;apos;t generate code" />
          <GetVal v="generate code" />
          <PutVal v="generate code" />
          <ClrVal v="generate code" />
          <SetVal v="generate code" />
          <NegVal v="don&amp;apos;t generate code" />
          <ConnectPin v="don&amp;apos;t generate code" />
          <GetRawVal v="don&amp;apos;t generate code" />
        </Methods>
        <Events>
          <EmptySection_DummyValue />
        </Events>
      </inhrbean>
      <inhrbean type="BitIO">
        <Enabled v="Y" />
        <Template v="CSN" />
        <Properties>
          <Component_name v="CSN1" />
          <Pin_for_I_O v="PTB8/EXTRG_IN" />
          <inhrbean type="BitIO_LDD">
            <Enabled v="Y" />
            <Template v="BitIO_LDD" />
            <Properties>
              <Component_name v="BitIoLdd5" />
              <Pin_for_I_O v="PTB8/EXTRG_IN" />
              <Direction v="Output" />
              <group name="Initialization">
                <Init__direction v="Output" />
                <Init__value v="1" />
                <Auto_initialization v="yes" />
              </group>
              <Safe_mode v="yes" />
            </Properties>
            <Methods>
              <Init v="generate code" />
              <Deinit v="don&amp;apos;t generate code" />
              <GetDir v="don&amp;apos;t generate code" />
              <SetDir v="don&amp;apos;t generate code" />
              <SetInput v="don&amp;apos;t generate code" />
              <SetOutput v="don&amp;apos;t generate code" />
              <GetVal v="generate code" />
              <PutVal v="generate code" />
              <ClrVal v="generate code" />
              <SetVal v="generate code" />
              <NegVal v="don&amp;apos;t generate code" />
              <ConnectPin v="don&amp;apos;t generate code" />
              <GetRawVal v="don&amp;apos;t generate code" />
            </Methods>
            <Events>
              <EmptySection_DummyValue />
            </Events>
          </inhrbean>
          <Direction v="Output" />
          <group name="Initialization">
            <Init__direction v="Output" />
            <Init__value v="1" />
          </group>
          <Safe_mode v="yes" />
          <Optimization_for v="speed" />
        </Properties>
        <Methods>
          <GetDir v="don&amp;apos;t generate code" />
          <SetDir v="don&amp;apos;t generate code" />
          <SetInput v="don&amp;apos;t generate code" />
          <SetOutput v="don&amp;apos;t generate code" />
          <GetVal v="generate code" />
          <PutVal v="generate code" />
          <ClrVal v="generate code" />
          <SetVal v="generate code" />
          <NegVal v="don&amp;apos;t generate code" />
          <ConnectPin v="don&amp;apos;t generate code" />
          <GetRawVal v="don&amp;apos;t generate code" />
        </Methods>
        <Events>
          <EmptySection_DummyValue />
        </Events>
      </inhrbean>
      <boolgroup name="Software SPI" v="Disabled" />
      <boolgroup name="Hardware SPI" v="Enabled">
        <SPI v="SM1" />
      </boolgroup>
      <boolgroup name="Switch Bus" v="Disabled" />
      <Application_Event_Handler v="RADIO_OnInterrupt" />
      <boolgroup name="IRQ Pin" v="Enabled">
        <inhrbean type="ExtInt">
          <Enabled v="Y" />
          <Template v="IRQ" />
          <Properties>
            <Component_name v="IRQ1" />
            <Pin v="PTD0/SPI0_PCS0/TPM0_CH0" />
            <inhrbean type="ExtInt_LDD">
              <Enabled v="Y" />
              <Template v="ExtInt_LDD" />
              <Properties>
                <Component_name v="ExtIntLdd1" />
                <Pin v="PTD0/SPI0_PCS0/TPM0_CH0" />
                <Generate_interrupt_on v="falling edge" />
                <Interrupt v="INT_PORTD" />
                <Interrupt_priority v="medium priority" />
                <group name="Initialization">
                  <Enabled_in_init__code v="yes" />
                  <list name="Auto Initialization" v="1">
                    <Auto_initialization v="yes" />
                  </list>
                </group>
              </Properties>
              <Methods>
                <Init v="generate code" />
                <Deinit v="don&amp;apos;t generate code" />
                <Enable v="don&amp;apos;t generate code" />
                <Disable v="don&amp;apos;t generate code" />
                <GetVal v="generate code" />
                <SetEdge v="don&amp;apos;t generate code" />
                <SetOperationMode v="don&amp;apos;t generate code" />
                <GetDriverState v="don&amp;apos;t generate code" />
                <ConnectPin v="don&amp;apos;t generate code" />
              </Methods>
              <Events>
                <Event_module_name v="Events" />
                <event name="OnInterrupt" v="generate code">
                  <Event_procedure_name v="ExtIntLdd1_OnInterrupt" />
                </event>
              </Events>
            </inhrbean>
            <Generate_interrupt_on v="falling edge" />
            <Interrupt v="INT_PORTD" />
            <Interrupt_priority v="medium priority" />
            <group name="Initialization">
              <Enabled_in_init__code v="yes" />
            </group>
          </Properties>
          <Methods>
            <Enable v="don&amp;apos;t generate code" />
            <Disable v="don&amp;apos;t generate code" />
            <GetVal v="generate code" />
            <SetEdge v="don&amp;apos;t generate code" />
            <ConnectPin v="don&amp;apos;t generate code" />
          </Methods>
          <Events>
            <Event_module_name v="Events" />
            <event name="OnInterrupt" v="generate code">
              <Event_procedure_name v="IRQ1_OnInterrupt" />
              <Priority v="same as interrupt" />
            </event>
          </Events>
        </inhrbean>
      </boolgroup>
    </Properties>
    <Methods>
      <ConfigureSPI v="generate code" />
      <WriteRegister v="generate code" />
      <ReadRegister v="generate code" />
      <ReadRegisterData v="generate code" />
      <WriteRegisterData v="generate code" />
      <WriteRead v="generate code" />
      <Write v="generate code" />
      <GetStatus v="generate code" />
      <GetStatusClrIRQ v="generate code" />
      <ResetStatusIRQ v="generate code" />
      <TxPayload v="generate code" />
      <RxPayload v="generate code" />
      <StopRxTx v="generate code" />
      <StartRxTx v="generate code" />
      <EnableAutoAck v="generate code" />
      <SetStaticPipePayload v="generate code" />
      <EnableDynamicPayloadLength v="generate code" />
      <WriteFeature v="generate code" />
      <ReadFeature v="generate code" />
      <ReadNofRxPayload v="generate code" />
      <ReadObserveTxRegister v="generate code" />
      <ReadReceivedPowerDetector v="generate code" />
      <SetChannel v="generate code" />
      <GetChannel v="generate code" />
      <ConstantCarrierWave v="generate code" />
      <SetOutputPower v="generate code" />
      <GetOutputPower v="generate code" />
      <SetDataRate v="generate code" />
      <GetDataRate v="generate code" />
      <GetFifoStatus v="generate code" />
      <PollInterrupt v="generate code" />
      <Deinit v="generate code" />
      <Init v="generate code" />
    </Methods>
    <Events>
      <Event_module_name v="Events" />
      <event name="OnInterrupt" v="generate code">
        <Event_procedure_name v="RF1_OnInterrupt" />
      </event>
      <event name="OnActivate" v="don&amp;apos;t generate code" />
      <event name="OnDeactivate" v="don&amp;apos;t generate code" />
    </Events>
  </Bean>
  <Bean name="SM1" type="SynchroMaster">
    <Enabled v="Y" />
    <Template v="SPI" />
    <Properties>
      <Component_name v="SM1" />
      <Channel v="SPI1" />
      <boolgroup name="Interrupt service/event" v="Enabled">
        <Interrupt v="" />
        <Interrupt_from_input v="INT_SPI1" />
        <Interrupt_input_priority v="medium priority" />
        <Interrupt_from_output v="INT_SPI1" />
        <Interrupt_output_priority v="medium priority" />
        <Input_buffer_size v="16" />
        <Output_buffer_size v="16" />
      </boolgroup>
      <group name="Settings">
        <Width v="8 bits" />
        <boolgroup name="Input pin" v="Enabled">
          <Pin v="PTE3/SPI1_MISO/SPI1_MOSI" />
        </boolgroup>
        <boolgroup name="Output pin" v="Enabled">
          <Pin v="ADC0_SE7b/PTD6/LLWU_P15/SPI1_MOSI/UART0_RX/SPI1_MISO" />
        </boolgroup>
        <group name="Clock pin">
          <Pin v="PTE2/SPI1_SCK" />
        </group>
        <boolgroup name="Slave select pin" v="Disabled" />
        <Clock_edge v="falling edge" />
        <Shift_clock_rate v="8 MHz" />
        <Empty_character v="0" />
        <Ignore_empty_char_ v="no" />
        <Send_MSB_first v="yes" />
        <Shift_clock_idle_polarity v="Low" />
      </group>
      <group name="Initialization">
        <Enabled_in_init__code v="yes" />
        <Events_enabled_in_init_ v="yes" />
      </group>
      <group name="CPU clock/speed selection">
        <High_speed_mode v="This component enabled" />
        <Low_speed_mode v="This component disabled" />
        <Slow_speed_mode v="This component disabled" />
      </group>
      <group name="Referenced components">
        <inhrbean type="SPIMaster_LDD">
          <Enabled v="Y" />
          <Properties>
            <Component_name v="SMasterLdd1" />
            <Device v="SPI1" />
            <boolgroup name="Interrupt service/event" v="Enabled">
              <Input_interrupt v="INT_SPI1" />
              <Input_interrupt_priority v="medium priority" />
              <Output_interrupt v="INT_SPI1" />
              <Output_interrupt_priority v="medium priority" />
            </boolgroup>
            <group name="Settings">
              <boolgroup name="Input pin" v="Enabled">
                <Pin v="PTE3/SPI1_MISO/SPI1_MOSI" />
              </boolgroup>
              <boolgroup name="Output pin" v="Enabled">
                <Pin v="ADC0_SE7b/PTD6/LLWU_P15/SPI1_MOSI/UART0_RX/SPI1_MISO" />
              </boolgroup>
              <group name="Clock pin">
                <Pin v="PTE2/SPI1_SCK" />
              </group>
              <list name="Chip select list" v="0">
                <EmptySection_DummyValue />
              </list>
              <list name="Attribute set list" v="1">
                <group name="Attribute set 0">
                  <Width v="8 bits" />
                  <MSB_first v="yes" />
                  <Clock_polarity v="Low" />
                  <Clock_phase v="Capture on leading edge" />
                  <Parity v="None" />
                  <Chip_select_toggling v="yes" />
                  <Clock_rate_index v="0" />
                </group>
              </list>
              <Clock_rate v="8 MHz" />
              <HW_input_buffer_size v="1" />
              <HW_input_watermark v="1" />
              <boolgroup name="Receiver DMA" v="Disabled" />
              <HW_output_buffer_size v="1" />
              <HW_output_watermark v="1" />
              <boolgroup name="Transmitter DMA" v="Disabled" />
            </group>
            <group name="Initialization">
              <Initial_chip_select v="0" />
              <Initial_attribute_set v="0" />
              <Enabled_in_init__code v="yes" />
              <list name="Auto Initialization" v="1">
                <Auto_initialization v="no" />
              </list>
              <group name="Event mask">
                <OnBlockSent v="Enabled" />
                <OnBlockReceived v="Enabled" />
                <OnError v="Disabled" />
              </group>
            </group>
            <list name="CPU clock/configuration selection (included)" v="1">
              <group name="CPU clock/configuration selection">
                <Clock_configuration_0 v="This component enabled" />
                <Clock_configuration_1 v="This component disabled" />
                <Clock_configuration_2 v="This component disabled" />
                <Clock_configuration_3 v="This component disabled" />
                <Clock_configuration_4 v="This component disabled" />
                <Clock_configuration_5 v="This component disabled" />
                <Clock_configuration_6 v="This component disabled" />
                <Clock_configuration_7 v="This component disabled" />
              </group>
            </list>
          </Properties>
          <Methods>
            <Init v="generate code" />
            <Deinit v="don&amp;apos;t generate code" />
            <Enable v="don&amp;apos;t generate code" />
            <Disable v="don&amp;apos;t generate code" />
            <SetEventMask v="don&amp;apos;t generate code" />
            <GetEventMask v="don&amp;apos;t generate code" />
            <SendBlock v="generate code" />
            <ReceiveBlock v="generate code" />
            <GetSentDataNum v="don&amp;apos;t generate code" />
            <GetReceivedDataNum v="don&amp;apos;t generate code" />
            <GetBlockSentStatus v="don&amp;apos;t generate code" />
            <GetBlockReceivedStatus v="don&amp;apos;t generate code" />
            <CancelBlockTransmission v="don&amp;apos;t generate code" />
            <CancelBlockReception v="don&amp;apos;t generate code" />
            <GetError v="don&amp;apos;t generate code" />
            <SelectConfiguration v="don&amp;apos;t generate code" />
            <Main v="don&amp;apos;t generate code" />
            <ForceReceiver v="don&amp;apos;t generate code" />
            <GetStats v="don&amp;apos;t generate code" />
            <ClearStats v="don&amp;apos;t generate code" />
            <SetOperationMode v="don&amp;apos;t generate code" />
            <GetDriverState v="don&amp;apos;t generate code" />
            <ConnectPin v="don&amp;apos;t generate code" />
          </Methods>
          <Events>
            <Event_module_name v="Events" />
            <event name="OnBlockSent" v="generate code">
              <Event_procedure_name v="SMasterLdd1_OnBlockSent" />
            </event>
            <event name="OnBlockReceived" v="generate code">
              <Event_procedure_name v="SMasterLdd1_OnBlockReceived" />
            </event>
            <event name="OnError" v="don&amp;apos;t generate code" />
          </Events>
        </inhrbean>
      </group>
    </Properties>
    <Methods>
      <Enable v="don&amp;apos;t generate code" />
      <Disable v="don&amp;apos;t generate code" />
      <EnableEvent v="don&amp;apos;t generate code" />
      <DisableEvent v="don&amp;apos;t generate code" />
      <RecvChar v="generate code" />
      <SendChar v="generate code" />
      <RecvBlock v="generate code" />
      <SendBlock v="generate code" />
      <ClearRxBuf v="generate code" />
      <ClearTxBuf v="generate code" />
      <CharsInRxBuf v="generate code" />
      <GetCharsInRxBuf v="generate code" />
      <CharsInTxBuf v="generate code" />
      <GetCharsInTxBuf v="generate code" />
      <SetBaudRateMode v="don&amp;apos;t generate code" />
      <SetShiftClockPolarity v="don&amp;apos;t generate code" />
      <SetIdleClockPolarity v="don&amp;apos;t generate code" />
      <GetError v="generate code" />
      <ConnectPin v="don&amp;apos;t generate code" />
    </Methods>
    <Events>
      <Event_module_name v="Events" />
      <event name="BeforeNewSpeed" v="don&amp;apos;t generate code" />
      <event name="AfterNewSpeed" v="don&amp;apos;t generate code" />
      <event name="OnRxChar" v="don&amp;apos;t generate code" />
      <event name="OnRxCharExt" v="don&amp;apos;t generate code" />
      <event name="OnTxChar" v="don&amp;apos;t generate code" />
      <event name="OnFullRxBuf" v="don&amp;apos;t generate code" />
      <event name="OnFreeTxBuf" v="don&amp;apos;t generate code" />
      <event name="OnError" v="don&amp;apos;t generate code" />
    </Events>
  </Bean>
</PE_PROJECT_SETTINGS_DOCUMENTATION>

